{"stats":{"minecraft:custom":{"minecraft:mob_kills":14,"minecraft:interact_with_crafting_table":15,"minecraft:damage_dealt_resisted":4,"minecraft:leave_game":14,"minecraft:time_since_death":26948,"minecraft:sleep_in_bed":4,"minecraft:climb_one_cm":99,"minecraft:time_since_rest":26728,"minecraft:sprint_one_cm":266731,"minecraft:damage_taken":4944,"minecraft:walk_one_cm":912072,"minecraft:drop":21,"minecraft:damage_dealt":2242,"minecraft:swim_one_cm":14073,"minecraft:fly_one_cm":257463,"minecraft:open_chest":25,"minecraft:crouch_one_cm":998,"minecraft:play_time":240672,"tombstone:undead_killed":2,"minecraft:deaths":18,"minecraft:sneak_time":219,"minecraft:walk_under_water_one_cm":7384,"minecraft:boat_one_cm":121950,"minecraft:jump":3075,"minecraft:walk_on_water_one_cm":17971,"minecraft:total_world_time":240672,"minecraft:fall_one_cm":62210},"minecraft:used":{"minecraft:peony":3,"minecraft:rose_bush":4,"minecraft:stone_sword":22,"minecraft:stone_shovel":7,"minecraft:oak_planks":31,"minecraft:poppy":1,"minecraft:wooden_pickaxe":11,"luminousworld:groundpebbles_1":2,"minecraft:stonecutter":1,"minecraft:iron_chestplate":1,"minecraft:torch":1,"minecraft:dirt":38,"minecraft:crafting_table":4,"alexsmobs:flying_fish":1,"minecraft:oak_log":1,"minecraft:birch_sapling":3,"minecraft:iron_pickaxe":168,"minecraft:dark_oak_wood":2,"minecraft:stone_axe":38,"minecraft:cobblestone":19,"minecraft:oak_sapling":3,"quark:oak_chest":1,"minecraft:birch_log":3,"tombstone:gift":3,"minecraft:egg":1,"minecraft:oak_boat":1},"minecraft:crafted":{"minecraft:oak_planks":72,"minecraft:stone_shovel":1,"minecraft:crafting_table":4,"minecraft:wooden_pickaxe":2,"minecraft:birch_planks":8,"minecraft:stone_axe":2,"minecraft:oak_boat":1,"minecraft:stick":16,"quark:oak_chest":1,"minecraft:stone_sword":1,"minecraft:dark_oak_planks":4},"minecraft:picked_up":{"minecraft:birch_log":6,"luminousworld:groundpebbles_1":2,"minecraft:crafting_table":2,"minecraft:iron_chestplate":1,"illagerinvasion:platinum_chunk":2,"minecraft:oak_log":27,"tombstone:grave_key":2,"minecraft:gunpowder":2,"minecraft:dirt":44,"minecraft:experience_bottle":1,"minecraft:bone":2,"minecraft:stonecutter":1,"minecraft:wheat_seeds":18,"minecraft:cobbled_deepslate":73,"minecraft:rose_bush":4,"minecraft:light_gray_wool":1,"minecraft:poppy":1,"minecraft:iron_pickaxe":1,"minecraft:iron_sword":1,"minecraft:birch_sapling":3,"minecraft:oak_planks":20,"minecraft:egg":1,"minecraft:torch":2,"minecraft:porkchop":2,"minecraft:stone_sword":1,"minecraft:rotten_flesh":1,"minecraft:peony":3,"minecraft:deepslate_bricks":24,"minecraft:hay_block":1,"minecraft:gray_wool":1,"minecraft:emerald":1,"supplementaries:ash":1,"minecraft:oak_sapling":3,"minecraft:dark_oak_wood":3,"minecraft:black_wool":2,"minecraft:mutton":15,"minecraft:coal":17,"alexsmobs:flying_fish":2,"minecraft:white_wool":6,"iceandfire:raw_silver":2,"minecraft:cobblestone":46,"minecraft:oxeye_daisy":2},"minecraft:killed_by":{"mowziesmobs:naga":1,"undead_revamp2:the_moonflower":1,"minecraft:skeleton":2,"enemyexpansion:botfly":1,"minecraft:zombie":2,"born_in_chaos_v1:zombie_lumberjack":1,"minecraft:enderman":1,"enemyexpansion:direwolf":1,"iceandfire:sea_serpent":1},"minecraft:mined":{"luminousworld:groundpebbles_1":2,"iceandfire:silver_ore":2,"minecraft:crafting_table":2,"minecraft:dark_oak_wood":3,"minecraft:grass_block":40,"minecraft:poppy":1,"minecraft:rose_bush":5,"luminousworld:grassvariant_2":2,"minecraft:cobblestone":6,"minecraft:deepslate_bricks":24,"minecraft:tall_grass":32,"minecraft:oak_planks":19,"minecraft:oxeye_daisy":3,"minecraft:wall_torch":1,"minecraft:hay_block":1,"minecraft:birch_log":6,"minecraft:cobbled_deepslate":74,"minecraft:birch_leaves":29,"minecraft:peony":6,"minecraft:grass":116,"minecraft:coal_ore":17,"minecraft:oak_log":27,"minecraft:vine":1,"minecraft:dirt_path":1,"minecraft:dirt":3,"luminousworld:grassvariant_3":1,"minecraft:stonecutter":1,"minecraft:stone":48,"minecraft:oak_leaves":26},"minecraft:dropped":{"minecraft:wheat_seeds":12,"minecraft:stone_sword":1,"minecraft:oak_planks":1,"tombstone:grave_key":5,"alexsmobs:flying_fish":1,"tombstone:grave_dust":1},"minecraft:killed":{"minecraft:pig":1,"born_in_chaos_v1:skeleton_demoman":1,"luminousworld:swallowtail":1,"minecraft:sheep":4,"minecraft:zombie":1,"luminousworld:monarch":1,"earthmobsmod:horned_sheep":3}},"DataVersion":3465}