{"stats":{"minecraft:custom":{"minecraft:mob_kills":11,"minecraft:interact_with_crafting_table":10,"minecraft:leave_game":13,"minecraft:time_since_death":3366,"minecraft:sleep_in_bed":4,"minecraft:time_since_rest":3146,"minecraft:sprint_one_cm":243250,"minecraft:damage_taken":4804,"minecraft:walk_one_cm":707345,"minecraft:drop":21,"minecraft:damage_dealt":1985,"minecraft:swim_one_cm":11321,"minecraft:fly_one_cm":236483,"minecraft:open_chest":22,"minecraft:crouch_one_cm":280,"minecraft:play_time":217090,"tombstone:undead_killed":2,"minecraft:deaths":18,"minecraft:sneak_time":76,"minecraft:walk_under_water_one_cm":7147,"minecraft:boat_one_cm":121950,"minecraft:jump":2618,"minecraft:walk_on_water_one_cm":17533,"minecraft:total_world_time":217090,"minecraft:fall_one_cm":57253},"minecraft:used":{"minecraft:peony":3,"minecraft:rose_bush":4,"minecraft:stone_sword":22,"minecraft:oak_planks":31,"minecraft:poppy":1,"minecraft:wooden_pickaxe":5,"luminousworld:groundpebbles_1":2,"minecraft:iron_chestplate":1,"minecraft:torch":1,"minecraft:dirt":35,"minecraft:crafting_table":2,"minecraft:oak_log":1,"alexsmobs:flying_fish":1,"minecraft:birch_sapling":3,"minecraft:iron_pickaxe":99,"minecraft:stone_axe":30,"minecraft:oak_sapling":3,"minecraft:birch_log":3,"tombstone:gift":3,"minecraft:oak_boat":1,"minecraft:egg":1},"minecraft:crafted":{"minecraft:oak_planks":72,"minecraft:stone_shovel":1,"minecraft:crafting_table":2,"minecraft:wooden_pickaxe":2,"minecraft:birch_planks":8,"minecraft:stone_axe":1,"minecraft:oak_boat":1,"minecraft:stick":12,"minecraft:stone_sword":1},"minecraft:picked_up":{"minecraft:birch_log":6,"luminousworld:groundpebbles_1":2,"minecraft:crafting_table":1,"minecraft:iron_chestplate":1,"illagerinvasion:platinum_chunk":2,"minecraft:oak_log":27,"tombstone:grave_key":2,"minecraft:gunpowder":2,"minecraft:dirt":38,"minecraft:experience_bottle":1,"minecraft:bone":2,"minecraft:stonecutter":1,"minecraft:wheat_seeds":18,"minecraft:cobbled_deepslate":73,"minecraft:rose_bush":4,"minecraft:iron_pickaxe":1,"minecraft:poppy":1,"minecraft:light_gray_wool":1,"minecraft:oak_planks":20,"minecraft:birch_sapling":3,"minecraft:iron_sword":1,"minecraft:egg":1,"minecraft:torch":2,"minecraft:porkchop":2,"minecraft:stone_sword":1,"minecraft:rotten_flesh":1,"minecraft:peony":3,"minecraft:deepslate_bricks":24,"minecraft:hay_block":1,"minecraft:emerald":1,"supplementaries:ash":1,"minecraft:oak_sapling":3,"minecraft:black_wool":2,"minecraft:mutton":11,"minecraft:white_wool":4,"alexsmobs:flying_fish":2,"minecraft:cobblestone":6},"minecraft:killed_by":{"mowziesmobs:naga":1,"undead_revamp2:the_moonflower":1,"minecraft:skeleton":2,"enemyexpansion:botfly":1,"minecraft:zombie":2,"born_in_chaos_v1:zombie_lumberjack":1,"minecraft:enderman":1,"enemyexpansion:direwolf":1,"iceandfire:sea_serpent":1},"minecraft:mined":{"luminousworld:groundpebbles_1":2,"minecraft:crafting_table":1,"minecraft:grass_block":36,"minecraft:poppy":1,"minecraft:rose_bush":5,"minecraft:deepslate_bricks":24,"minecraft:tall_grass":21,"minecraft:oak_planks":19,"minecraft:wall_torch":1,"minecraft:hay_block":1,"minecraft:birch_log":6,"minecraft:cobbled_deepslate":74,"minecraft:birch_leaves":29,"minecraft:peony":6,"minecraft:grass":104,"minecraft:oak_log":27,"minecraft:dirt_path":1,"minecraft:dirt":1,"minecraft:stonecutter":1,"minecraft:stone":5,"minecraft:oak_leaves":26},"minecraft:dropped":{"minecraft:wheat_seeds":12,"minecraft:stone_sword":1,"minecraft:oak_planks":1,"tombstone:grave_key":5,"alexsmobs:flying_fish":1,"tombstone:grave_dust":1},"minecraft:killed":{"minecraft:pig":1,"born_in_chaos_v1:skeleton_demoman":1,"luminousworld:swallowtail":1,"minecraft:sheep":4,"minecraft:zombie":1,"luminousworld:monarch":1}},"DataVersion":3465}