{"stats":{"minecraft:dropped":{"minecraft:wheat_seeds":2},"minecraft:killed_by":{"minecraft:skeleton":1,"minecraft:zombie":2},"minecraft:mined":{"minecraft:birch_log":4,"minecraft:birch_leaves":21,"minecraft:peony":6,"minecraft:grass":23,"minecraft:grass_block":17,"minecraft:oak_log":1,"minecraft:rose_bush":4,"minecraft:dirt":1,"minecraft:oak_leaves":8},"minecraft:custom":{"minecraft:time_since_rest":790,"minecraft:sprint_one_cm":28382,"minecraft:damage_taken":720,"minecraft:walk_one_cm":164163,"minecraft:drop":2,"minecraft:damage_dealt":229,"minecraft:interact_with_crafting_table":2,"minecraft:fly_one_cm":14015,"minecraft:crouch_one_cm":12,"minecraft:play_time":35944,"minecraft:deaths":3,"minecraft:sneak_time":1,"minecraft:walk_under_water_one_cm":491,"minecraft:jump":555,"minecraft:leave_game":6,"minecraft:walk_on_water_one_cm":280,"minecraft:time_since_death":759,"minecraft:total_world_time":35944,"minecraft:fall_one_cm":9624},"minecraft:used":{"minecraft:oak_log":1,"minecraft:peony":3,"minecraft:rose_bush":4,"minecraft:birch_sapling":3,"minecraft:dirt":18,"minecraft:crafting_table":1,"minecraft:oak_sapling":1,"minecraft:birch_log":2},"minecraft:crafted":{"minecraft:crafting_table":1,"minecraft:birch_planks":8},"minecraft:picked_up":{"minecraft:birch_log":4,"minecraft:oak_log":1,"minecraft:dirt":18,"minecraft:wheat_seeds":2,"minecraft:peony":3,"minecraft:rose_bush":4,"minecraft:oak_sapling":1,"minecraft:birch_sapling":3,"minecraft:mutton":4,"minecraft:white_wool":3}},"DataVersion":3465}