{"stats":{"minecraft:picked_up":{"minecraft:birch_log":6,"luminousworld:groundpebbles_1":2,"minecraft:crafting_table":1,"minecraft:iron_chestplate":1,"minecraft:oak_log":18,"minecraft:gunpowder":2,"minecraft:dirt":24,"minecraft:bone":2,"minecraft:wheat_seeds":10,"minecraft:rose_bush":4,"minecraft:poppy":1,"minecraft:light_gray_wool":1,"minecraft:oak_planks":5,"minecraft:birch_sapling":3,"minecraft:iron_sword":1,"minecraft:torch":1,"minecraft:porkchop":2,"minecraft:stone_sword":1,"minecraft:rotten_flesh":1,"minecraft:peony":3,"minecraft:oak_sapling":3,"minecraft:black_wool":2,"minecraft:mutton":11,"minecraft:white_wool":4,"minecraft:cobblestone":6},"minecraft:used":{"minecraft:peony":3,"minecraft:rose_bush":4,"minecraft:stone_sword":22,"minecraft:poppy":1,"minecraft:oak_planks":16,"minecraft:wooden_pickaxe":5,"luminousworld:groundpebbles_1":2,"minecraft:iron_chestplate":1,"minecraft:torch":1,"minecraft:dirt":23,"minecraft:crafting_table":2,"minecraft:oak_log":1,"minecraft:birch_sapling":3,"minecraft:stone_axe":30,"minecraft:oak_sapling":3,"minecraft:birch_log":3,"tombstone:gift":2},"minecraft:mined":{"luminousworld:groundpebbles_1":2,"minecraft:crafting_table":1,"minecraft:grass_block":23,"minecraft:poppy":1,"minecraft:rose_bush":5,"minecraft:tall_grass":10,"minecraft:oak_planks":4,"minecraft:birch_log":6,"minecraft:birch_leaves":29,"minecraft:peony":6,"minecraft:grass":76,"minecraft:oak_log":18,"minecraft:dirt":1,"minecraft:stone":5,"minecraft:oak_leaves":26},"minecraft:dropped":{"minecraft:wheat_seeds":4,"minecraft:stone_sword":1,"minecraft:oak_planks":1,"tombstone:grave_key":1},"minecraft:custom":{"minecraft:mob_kills":11,"minecraft:interact_with_crafting_table":5,"minecraft:leave_game":12,"minecraft:time_since_death":41885,"minecraft:sleep_in_bed":2,"minecraft:time_since_rest":23747,"minecraft:sprint_one_cm":116295,"minecraft:damage_taken":2550,"minecraft:walk_one_cm":487234,"minecraft:drop":7,"minecraft:damage_dealt":1784,"minecraft:swim_one_cm":3464,"minecraft:fly_one_cm":73468,"minecraft:open_chest":3,"minecraft:crouch_one_cm":248,"minecraft:play_time":147174,"tombstone:undead_killed":2,"minecraft:deaths":9,"minecraft:sneak_time":66,"minecraft:walk_under_water_one_cm":3698,"minecraft:jump":1614,"minecraft:walk_on_water_one_cm":10757,"minecraft:total_world_time":147174,"minecraft:fall_one_cm":31573},"minecraft:crafted":{"minecraft:oak_planks":36,"minecraft:crafting_table":2,"minecraft:wooden_pickaxe":1,"minecraft:birch_planks":8,"minecraft:stone_axe":1,"minecraft:stick":8,"minecraft:stone_sword":1},"minecraft:killed":{"minecraft:pig":1,"born_in_chaos_v1:skeleton_demoman":1,"luminousworld:swallowtail":1,"minecraft:sheep":4,"minecraft:zombie":1,"luminousworld:monarch":1},"minecraft:killed_by":{"undead_revamp2:the_moonflower":1,"minecraft:skeleton":2,"enemyexpansion:botfly":1,"minecraft:zombie":2,"enemyexpansion:direwolf":1}},"DataVersion":3465}