{"stats":{"minecraft:picked_up":{"minecraft:birch_log":6,"minecraft:crafting_table":1,"minecraft:torch":1,"minecraft:porkchop":2,"minecraft:oak_log":18,"minecraft:gunpowder":2,"minecraft:dirt":24,"minecraft:stone_sword":1,"minecraft:bone":2,"minecraft:rotten_flesh":1,"minecraft:peony":3,"minecraft:wheat_seeds":6,"minecraft:rose_bush":4,"minecraft:light_gray_wool":1,"minecraft:oak_sapling":3,"minecraft:mutton":11,"minecraft:black_wool":2,"minecraft:birch_sapling":3,"minecraft:oak_planks":5,"minecraft:white_wool":4,"minecraft:cobblestone":6},"minecraft:used":{"minecraft:oak_log":1,"minecraft:peony":3,"minecraft:rose_bush":4,"minecraft:stone_sword":22,"minecraft:birch_sapling":3,"minecraft:oak_planks":16,"minecraft:wooden_pickaxe":5,"minecraft:torch":1,"minecraft:stone_axe":30,"minecraft:dirt":22,"minecraft:crafting_table":2,"minecraft:oak_sapling":3,"minecraft:birch_log":3,"tombstone:gift":2},"minecraft:mined":{"minecraft:birch_log":6,"minecraft:birch_leaves":29,"minecraft:crafting_table":1,"minecraft:peony":6,"minecraft:grass":48,"minecraft:grass_block":23,"minecraft:oak_log":18,"minecraft:rose_bush":5,"minecraft:dirt":1,"minecraft:tall_grass":8,"minecraft:stone":5,"minecraft:oak_planks":4,"minecraft:oak_leaves":26},"minecraft:dropped":{"minecraft:wheat_seeds":4,"minecraft:stone_sword":1,"tombstone:grave_key":1,"minecraft:oak_planks":1},"minecraft:custom":{"minecraft:time_since_rest":586,"minecraft:sprint_one_cm":93387,"minecraft:damage_taken":2450,"minecraft:walk_one_cm":431447,"minecraft:mob_kills":11,"minecraft:drop":7,"minecraft:damage_dealt":1784,"minecraft:swim_one_cm":2309,"minecraft:interact_with_crafting_table":5,"minecraft:fly_one_cm":64905,"minecraft:open_chest":3,"minecraft:play_time":123174,"minecraft:crouch_one_cm":177,"minecraft:sneak_time":50,"tombstone:undead_killed":2,"minecraft:deaths":9,"minecraft:walk_under_water_one_cm":2157,"minecraft:jump":1505,"minecraft:leave_game":12,"minecraft:time_since_death":17885,"minecraft:walk_on_water_one_cm":7920,"minecraft:sleep_in_bed":1,"minecraft:total_world_time":123174,"minecraft:fall_one_cm":29986},"minecraft:crafted":{"minecraft:oak_planks":36,"minecraft:crafting_table":2,"minecraft:stick":8,"minecraft:wooden_pickaxe":1,"minecraft:stone_sword":1,"minecraft:birch_planks":8,"minecraft:stone_axe":1},"minecraft:killed":{"minecraft:sheep":4,"minecraft:zombie":1,"minecraft:pig":1,"born_in_chaos_v1:skeleton_demoman":1,"luminousworld:monarch":1,"luminousworld:swallowtail":1},"minecraft:killed_by":{"enemyexpansion:direwolf":1,"undead_revamp2:the_moonflower":1,"enemyexpansion:botfly":1,"minecraft:skeleton":2,"minecraft:zombie":2}},"DataVersion":3465}