{"stats":{"minecraft:custom":{"minecraft:mob_kills":11,"minecraft:interact_with_crafting_table":8,"minecraft:leave_game":13,"minecraft:time_since_death":7621,"minecraft:sleep_in_bed":2,"minecraft:time_since_rest":7271,"minecraft:sprint_one_cm":168401,"minecraft:damage_taken":3595,"minecraft:walk_one_cm":617980,"minecraft:drop":20,"minecraft:damage_dealt":1985,"minecraft:swim_one_cm":4328,"minecraft:fly_one_cm":124560,"minecraft:open_chest":9,"minecraft:crouch_one_cm":280,"minecraft:play_time":193090,"tombstone:undead_killed":2,"minecraft:deaths":14,"minecraft:sneak_time":69,"minecraft:walk_under_water_one_cm":6550,"minecraft:boat_one_cm":121950,"minecraft:jump":2041,"minecraft:walk_on_water_one_cm":15426,"minecraft:total_world_time":193090,"minecraft:fall_one_cm":39310},"minecraft:used":{"minecraft:peony":3,"minecraft:rose_bush":4,"minecraft:stone_sword":22,"minecraft:oak_planks":31,"minecraft:poppy":1,"minecraft:wooden_pickaxe":5,"luminousworld:groundpebbles_1":2,"minecraft:iron_chestplate":1,"minecraft:torch":1,"minecraft:dirt":30,"minecraft:crafting_table":2,"minecraft:oak_log":1,"alexsmobs:flying_fish":1,"minecraft:birch_sapling":3,"minecraft:stone_axe":30,"minecraft:oak_sapling":3,"minecraft:birch_log":3,"tombstone:gift":3,"minecraft:oak_boat":1,"minecraft:egg":1},"minecraft:crafted":{"minecraft:oak_planks":72,"minecraft:crafting_table":2,"minecraft:wooden_pickaxe":1,"minecraft:birch_planks":8,"minecraft:stone_axe":1,"minecraft:oak_boat":1,"minecraft:stick":8,"minecraft:stone_sword":1},"minecraft:picked_up":{"minecraft:birch_log":6,"luminousworld:groundpebbles_1":2,"minecraft:crafting_table":1,"minecraft:iron_chestplate":1,"minecraft:oak_log":27,"tombstone:grave_key":2,"minecraft:gunpowder":2,"minecraft:dirt":31,"minecraft:experience_bottle":1,"minecraft:bone":2,"minecraft:wheat_seeds":17,"minecraft:rose_bush":4,"minecraft:poppy":1,"minecraft:light_gray_wool":1,"minecraft:oak_planks":9,"minecraft:birch_sapling":3,"minecraft:iron_sword":1,"minecraft:egg":1,"minecraft:torch":1,"minecraft:porkchop":2,"minecraft:stone_sword":1,"minecraft:rotten_flesh":1,"minecraft:peony":3,"minecraft:hay_block":1,"minecraft:oak_sapling":3,"minecraft:black_wool":2,"minecraft:mutton":11,"minecraft:white_wool":4,"alexsmobs:flying_fish":2,"minecraft:cobblestone":6},"minecraft:killed_by":{"mowziesmobs:naga":1,"undead_revamp2:the_moonflower":1,"minecraft:skeleton":2,"enemyexpansion:botfly":1,"minecraft:zombie":2,"minecraft:enderman":1,"enemyexpansion:direwolf":1,"iceandfire:sea_serpent":1},"minecraft:mined":{"luminousworld:groundpebbles_1":2,"minecraft:crafting_table":1,"minecraft:grass_block":29,"minecraft:poppy":1,"minecraft:rose_bush":5,"minecraft:tall_grass":18,"minecraft:oak_planks":8,"minecraft:hay_block":1,"minecraft:birch_log":6,"minecraft:birch_leaves":29,"minecraft:peony":6,"minecraft:grass":104,"minecraft:oak_log":27,"minecraft:dirt_path":1,"minecraft:dirt":1,"minecraft:stone":5,"minecraft:oak_leaves":26},"minecraft:dropped":{"minecraft:wheat_seeds":11,"minecraft:stone_sword":1,"minecraft:oak_planks":1,"tombstone:grave_key":5,"alexsmobs:flying_fish":1,"tombstone:grave_dust":1},"minecraft:killed":{"minecraft:pig":1,"born_in_chaos_v1:skeleton_demoman":1,"luminousworld:swallowtail":1,"minecraft:sheep":4,"minecraft:zombie":1,"luminousworld:monarch":1}},"DataVersion":3465}