{"stats":{"minecraft:custom":{"minecraft:mob_kills":11,"minecraft:interact_with_crafting_table":10,"minecraft:damage_dealt_resisted":4,"minecraft:leave_game":14,"minecraft:time_since_death":14948,"minecraft:sleep_in_bed":4,"minecraft:time_since_rest":14728,"minecraft:sprint_one_cm":266731,"minecraft:damage_taken":4854,"minecraft:walk_one_cm":782123,"minecraft:drop":21,"minecraft:damage_dealt":2002,"minecraft:swim_one_cm":14073,"minecraft:fly_one_cm":256986,"minecraft:open_chest":22,"minecraft:crouch_one_cm":280,"minecraft:play_time":228672,"tombstone:undead_killed":2,"minecraft:deaths":18,"minecraft:sneak_time":79,"minecraft:walk_under_water_one_cm":7384,"minecraft:boat_one_cm":121950,"minecraft:jump":2862,"minecraft:walk_on_water_one_cm":17971,"minecraft:total_world_time":228672,"minecraft:fall_one_cm":58925},"minecraft:used":{"minecraft:peony":3,"minecraft:rose_bush":4,"minecraft:stone_sword":22,"minecraft:oak_planks":31,"minecraft:poppy":1,"minecraft:wooden_pickaxe":11,"luminousworld:groundpebbles_1":2,"minecraft:iron_chestplate":1,"minecraft:torch":1,"minecraft:dirt":35,"minecraft:crafting_table":2,"alexsmobs:flying_fish":1,"minecraft:oak_log":1,"minecraft:birch_sapling":3,"minecraft:iron_pickaxe":104,"minecraft:stone_axe":30,"minecraft:oak_sapling":3,"minecraft:birch_log":3,"tombstone:gift":3,"minecraft:egg":1,"minecraft:oak_boat":1},"minecraft:crafted":{"minecraft:oak_planks":72,"minecraft:stone_shovel":1,"minecraft:crafting_table":2,"minecraft:wooden_pickaxe":2,"minecraft:birch_planks":8,"minecraft:stone_axe":1,"minecraft:oak_boat":1,"minecraft:stick":12,"minecraft:stone_sword":1},"minecraft:picked_up":{"minecraft:birch_log":6,"luminousworld:groundpebbles_1":2,"minecraft:crafting_table":1,"minecraft:iron_chestplate":1,"illagerinvasion:platinum_chunk":2,"minecraft:oak_log":27,"tombstone:grave_key":2,"minecraft:gunpowder":2,"minecraft:dirt":41,"minecraft:experience_bottle":1,"minecraft:bone":2,"minecraft:stonecutter":1,"minecraft:wheat_seeds":18,"minecraft:cobbled_deepslate":73,"minecraft:rose_bush":4,"minecraft:light_gray_wool":1,"minecraft:poppy":1,"minecraft:iron_pickaxe":1,"minecraft:iron_sword":1,"minecraft:birch_sapling":3,"minecraft:oak_planks":20,"minecraft:egg":1,"minecraft:torch":2,"minecraft:porkchop":2,"minecraft:stone_sword":1,"minecraft:rotten_flesh":1,"minecraft:peony":3,"minecraft:deepslate_bricks":24,"minecraft:hay_block":1,"minecraft:emerald":1,"supplementaries:ash":1,"minecraft:oak_sapling":3,"minecraft:black_wool":2,"minecraft:mutton":11,"alexsmobs:flying_fish":2,"minecraft:white_wool":4,"iceandfire:raw_silver":2,"minecraft:cobblestone":8},"minecraft:killed_by":{"mowziesmobs:naga":1,"undead_revamp2:the_moonflower":1,"minecraft:skeleton":2,"enemyexpansion:botfly":1,"minecraft:zombie":2,"born_in_chaos_v1:zombie_lumberjack":1,"minecraft:enderman":1,"enemyexpansion:direwolf":1,"iceandfire:sea_serpent":1},"minecraft:mined":{"luminousworld:groundpebbles_1":2,"iceandfire:silver_ore":2,"minecraft:crafting_table":1,"minecraft:grass_block":39,"minecraft:poppy":1,"minecraft:rose_bush":5,"luminousworld:grassvariant_2":1,"minecraft:deepslate_bricks":24,"minecraft:tall_grass":23,"minecraft:oak_planks":19,"minecraft:wall_torch":1,"minecraft:hay_block":1,"minecraft:birch_log":6,"minecraft:cobbled_deepslate":74,"minecraft:birch_leaves":29,"minecraft:peony":6,"minecraft:grass":107,"minecraft:oak_log":27,"minecraft:dirt_path":1,"minecraft:dirt":1,"luminousworld:grassvariant_3":1,"minecraft:stonecutter":1,"minecraft:stone":7,"minecraft:oak_leaves":26},"minecraft:dropped":{"minecraft:wheat_seeds":12,"minecraft:stone_sword":1,"minecraft:oak_planks":1,"tombstone:grave_key":5,"alexsmobs:flying_fish":1,"tombstone:grave_dust":1},"minecraft:killed":{"minecraft:pig":1,"born_in_chaos_v1:skeleton_demoman":1,"luminousworld:swallowtail":1,"minecraft:sheep":4,"minecraft:zombie":1,"luminousworld:monarch":1}},"DataVersion":3465}