{"stats":{"minecraft:used":{"minecraft:stone_pickaxe":45,"minecraft:oak_planks":4,"minecraft:wooden_pickaxe":5,"minecraft:leather_boots":1,"minecraft:white_wool":2,"minecraft:torch":1,"minecraft:dirt":11,"minecraft:crafting_table":5,"minecraft:white_bed":1,"minecraft:lantern":1,"minecraft:bread":24,"minecraft:iron_boots":1,"minecraft:stone_axe":14,"minecraft:hay_block":3,"minecraft:sweet_berries":5,"quark:oak_chest":1,"alexsmobs:animal_dictionary":3,"tombstone:gift":2,"minecraft:egg":1},"minecraft:custom":{"minecraft:mob_kills":4,"minecraft:interact_with_crafting_table":6,"minecraft:open_barrel":1,"minecraft:leave_game":6,"minecraft:time_since_death":36723,"minecraft:climb_one_cm":2002,"minecraft:time_since_rest":34324,"minecraft:sprint_one_cm":365877,"minecraft:damage_taken":2423,"minecraft:walk_one_cm":344374,"minecraft:trigger_trapped_chest":3,"minecraft:drop":12,"minecraft:damage_dealt":399,"minecraft:swim_one_cm":76214,"minecraft:fly_one_cm":161827,"minecraft:open_chest":4,"minecraft:crouch_one_cm":4209,"minecraft:play_time":131744,"minecraft:deaths":5,"minecraft:sneak_time":845,"minecraft:walk_under_water_one_cm":15536,"minecraft:jump":1222,"minecraft:interact_with_blast_furnace":1,"minecraft:walk_on_water_one_cm":31338,"minecraft:total_world_time":131744,"minecraft:fall_one_cm":31221},"minecraft:crafted":{"minecraft:oak_planks":44,"minecraft:crafting_table":5,"minecraft:wooden_pickaxe":1,"minecraft:stone_axe":1,"minecraft:bread":186,"minecraft:shield":1,"minecraft:stick":8,"quark:oak_chest":1,"minecraft:stone_pickaxe":1,"minecraft:wheat":558},"minecraft:killed_by":{"born_in_chaos_v1:skeleton_thrasher":1,"minecraft:zombie":1,"iceandfire:fire_dragon":3},"minecraft:picked_up":{"born_in_chaos_v1:monster_flesh":1,"minecraft:wither_rose":1,"minecraft:oak_log":11,"iceandfire:manuscript":3,"minecraft:dirt":14,"minecraft:lantern":2,"born_in_chaos_v1:monster_skin":3,"minecraft:red_carpet":1,"minecraft:bone":3,"minecraft:wheat_seeds":1,"minecraft:gold_nugget":13,"minecraft:iron_ingot":2,"minecraft:cobweb":1,"minecraft:oak_planks":9,"minecraft:iron_boots":1,"minecraft:egg":1,"minecraft:raw_iron":3,"minecraft:sweet_berries":34,"minecraft:torch":1,"minecraft:porkchop":4,"minecraft:blast_furnace":1,"minecraft:white_bed":1,"minecraft:spruce_log":7,"minecraft:arrow":1,"minecraft:rotten_flesh":8,"luminousworld:blueberry":4,"minecraft:hay_block":69,"minecraft:saddle":2,"minecraft:gold_ingot":2,"minecraft:oak_sapling":2,"minecraft:mutton":5,"minecraft:white_wool":3,"minecraft:coal":24,"minecraft:cobblestone":16,"iceandfire:raw_silver":3},"minecraft:mined":{"minecraft:red_carpet":1,"minecraft:white_bed":1,"iceandfire:silver_ore":3,"luminousworld:blueberrybush":2,"luminousworld:blueberry_stage_1":2,"minecraft:cobblestone_stairs":1,"minecraft:blast_furnace":1,"minecraft:grass_block":7,"iceandfire:ghost_chest":1,"minecraft:tall_grass":3,"minecraft:cobblestone":1,"minecraft:spruce_leaves":4,"minecraft:oak_planks":1,"minecraft:wall_torch":1,"minecraft:hay_block":70,"minecraft:iron_ore":3,"minecraft:sweet_berry_bush":14,"minecraft:spruce_log":7,"luminousworld:mossbuds_3":1,"minecraft:wither_rose":1,"minecraft:grass":5,"minecraft:oak_log":11,"minecraft:coal_ore":24,"minecraft:vine":1,"minecraft:dirt":7,"minecraft:stone":15,"minecraft:oak_leaves":9},"minecraft:dropped":{"minecraft:wheat_seeds":1,"minecraft:rotten_flesh":8,"minecraft:lantern":1,"minecraft:saddle":2,"minecraft:red_carpet":1,"minecraft:cobweb":1,"born_in_chaos_v1:monster_skin":2,"minecraft:leather_boots":1,"minecraft:wither_rose":1,"minecraft:wooden_pickaxe":1},"minecraft:killed":{"minecraft:pig":2,"minecraft:sheep":2}},"DataVersion":3465}