{"stats":{"minecraft:used":{"minecraft:stone_pickaxe":32,"minecraft:oak_planks":3,"minecraft:wooden_pickaxe":5,"minecraft:leather_boots":1,"minecraft:white_wool":2,"minecraft:torch":1,"minecraft:dirt":4,"minecraft:crafting_table":3,"minecraft:white_bed":1,"minecraft:bread":17,"minecraft:iron_boots":1,"minecraft:hay_block":3,"alexsmobs:animal_dictionary":3,"tombstone:gift":2,"minecraft:egg":1},"minecraft:custom":{"minecraft:mob_kills":4,"minecraft:interact_with_crafting_table":4,"minecraft:leave_game":5,"minecraft:time_since_death":34349,"minecraft:climb_one_cm":746,"minecraft:time_since_rest":33240,"minecraft:sprint_one_cm":265573,"minecraft:damage_taken":1768,"minecraft:walk_one_cm":200925,"minecraft:trigger_trapped_chest":3,"minecraft:drop":8,"minecraft:damage_dealt":399,"minecraft:swim_one_cm":71886,"minecraft:fly_one_cm":142995,"minecraft:open_chest":3,"minecraft:crouch_one_cm":2379,"minecraft:play_time":93403,"minecraft:deaths":4,"minecraft:sneak_time":652,"minecraft:walk_under_water_one_cm":14700,"minecraft:jump":930,"minecraft:walk_on_water_one_cm":27436,"minecraft:total_world_time":93403,"minecraft:fall_one_cm":19942},"minecraft:crafted":{"minecraft:oak_planks":44,"minecraft:crafting_table":3,"minecraft:wooden_pickaxe":1,"minecraft:bread":186,"minecraft:shield":1,"minecraft:stick":8,"minecraft:stone_pickaxe":1,"minecraft:wheat":558},"minecraft:killed_by":{"minecraft:zombie":1,"iceandfire:fire_dragon":3},"minecraft:picked_up":{"minecraft:wither_rose":1,"minecraft:oak_log":11,"iceandfire:manuscript":3,"minecraft:dirt":8,"minecraft:lantern":1,"minecraft:red_carpet":1,"minecraft:bone":3,"minecraft:wheat_seeds":1,"minecraft:gold_nugget":13,"minecraft:iron_ingot":2,"minecraft:cobweb":1,"minecraft:iron_boots":1,"minecraft:egg":1,"minecraft:raw_iron":3,"minecraft:torch":1,"minecraft:porkchop":4,"minecraft:white_bed":1,"minecraft:arrow":1,"minecraft:rotten_flesh":8,"minecraft:hay_block":69,"minecraft:saddle":2,"minecraft:gold_ingot":2,"minecraft:oak_sapling":2,"minecraft:mutton":3,"iceandfire:raw_silver":3,"minecraft:coal":24,"minecraft:white_wool":2,"minecraft:cobblestone":5},"minecraft:mined":{"minecraft:red_carpet":1,"minecraft:white_bed":1,"iceandfire:silver_ore":3,"minecraft:grass_block":4,"iceandfire:ghost_chest":1,"minecraft:tall_grass":3,"minecraft:wall_torch":1,"minecraft:hay_block":70,"minecraft:iron_ore":3,"minecraft:wither_rose":1,"minecraft:grass":5,"minecraft:oak_log":11,"minecraft:coal_ore":24,"minecraft:vine":1,"minecraft:dirt":4,"minecraft:stone":5,"minecraft:oak_leaves":9},"minecraft:dropped":{"minecraft:rotten_flesh":8,"minecraft:saddle":2,"minecraft:red_carpet":1,"minecraft:cobweb":1,"minecraft:leather_boots":1,"minecraft:wither_rose":1,"minecraft:wooden_pickaxe":1},"minecraft:killed":{"minecraft:pig":2,"minecraft:sheep":2}},"DataVersion":3465}