{"stats":{"minecraft:dropped":{"minecraft:iron_sword":1,"minecraft:brown_mushroom":1,"minecraft:wheat_seeds":1,"minecraft:smooth_quartz_stairs":1,"luminousworld:white_petunias":1,"minecraft:stick":30,"minecraft:diorite":4,"minecraft:potion":1,"undead_revamp2:blacpetalblock":1,"minecraft:dark_oak_planks":2,"minecraft:white_wool":1,"minecraft:gray_carpet":5,"minecraft:cyan_carpet":6,"minecraft:polished_deepslate":1,"minecraft:rotten_flesh":6,"minecraft:green_banner":1,"minecraft:spruce_fence":1,"minecraft:deepslate_bricks":2,"minecraft:poppy":1,"luminousworld:grassflowers":1,"minecraft:iron_chestplate":1,"minecraft:red_nether_bricks":2,"minecraft:arrow":10,"minecraft:stone_pickaxe":1,"minecraft:cracked_deepslate_bricks":2,"minecraft:calcite":7},"minecraft:crafted":{"minecraft:wooden_sword":1,"minecraft:oak_door":3,"minecraft:oak_planks":252,"minecraft:stone_shovel":1,"minecraft:coal":9,"minecraft:furnace":5,"minecraft:cooked_mutton":18,"minecraft:iron_boots":1,"minecraft:iron_axe":1,"minecraft:stone_pickaxe":2,"minecraft:stone_hoe":1,"minecraft:cooked_beef":2,"sophisticatedbackpacks:backpack":1,"minecraft:cooked_porkchop":23,"minecraft:crafting_table":3,"minecraft:spruce_planks":96,"minecraft:wooden_pickaxe":1,"minecraft:iron_helmet":1,"minecraft:iron_sword":2,"minecraft:stone_axe":1,"minecraft:air":0,"aether:iron_gloves":1,"minecraft:string":12,"minecraft:iron_chestplate":2,"minecraft:charcoal":7,"minecraft:shield":1,"minecraft:stick":72,"quark:oak_chest":7,"minecraft:iron_ingot":4,"minecraft:iron_pickaxe":1,"minecraft:wooden_axe":1,"minecraft:stone_sword":1,"minecraft:iron_leggings":1,"minecraft:white_bed":2,"minecraft:torch":80},"minecraft:broken":{"minecraft:stone_sword":1,"minecraft:stone_axe":1,"minecraft:iron_sword":1,"minecraft:wooden_axe":1},"minecraft:killed":{"undead_revamp2:thehunter":1,"born_in_chaos_v1:restless_spirit":1,"born_in_chaos_v1:door_knight_not_despawn":1,"minecraft:spider":7,"luminousworld:frost_bitten_skeleton":1,"born_in_chaos_v1:thornshell_crab":1,"enemyexpansion:direwolf":1,"undead_revamp2:theswarmer":1,"minecraft:skeleton":16,"iceandfire:fire_dragon":1,"naturalist:bass":1,"minecraft:drowned":1,"born_in_chaos_v1:corpse_fish":1,"born_in_chaos_v1:barrel_zombie":1,"minecraft:husk":4,"minecraft:pig":17,"undead_revamp2:the_moonflower":7,"enemyexpansion:sprinter":1,"born_in_chaos_v1:decrepit_skeleton":2,"minecraft:sheep":19,"minecraft:pillager":21,"minecraft:zombie":5,"iceandfire:ghost":3,"enemyexpansion:botfly":1,"minecraft:cow":6,"mowziesmobs:naga":1},"minecraft:used":{"minecraft:stone_sword":133,"minecraft:iron_bars":3,"minecraft:stone_shovel":27,"minecraft:shield":61,"minecraft:spruce_planks":27,"minecraft:iron_sword":459,"minecraft:stone_hoe":8,"minecraft:player_head":1,"minecraft:netherrack":2,"minecraft:oak_door":2,"minecraft:torch":60,"minecraft:dirt":54,"minecraft:mutton":2,"minecraft:dark_oak_planks":17,"minecraft:wooden_axe":59,"minecraft:iron_axe":90,"minecraft:barrel":1,"minecraft:oak_sapling":3,"minecraft:furnace":8,"minecraft:egg":1,"tombstone:gift":5,"minecraft:cooked_beef":2,"minecraft:wheat_seeds":6,"minecraft:cooked_mutton":19,"minecraft:mossy_stone_bricks":1,"minecraft:stone_pickaxe":263,"minecraft:oak_planks":177,"minecraft:wooden_pickaxe":16,"minecraft:cracked_stone_bricks":1,"minecraft:golden_apple":1,"minecraft:stripped_mangrove_wood":2,"minecraft:crafting_table":9,"minecraft:mushroom_stew":1,"minecraft:white_bed":6,"tombstone:bag_of_seeds":2,"minecraft:iron_pickaxe":105,"minecraft:bread":28,"minecraft:gravel":2,"minecraft:stone_axe":130,"minecraft:cobblestone":13,"minecraft:potion":2,"minecraft:porkchop":1,"minecraft:cooked_porkchop":21,"quark:oak_chest":8,"minecraft:gray_wool":1},"minecraft:picked_up":{"minecraft:charcoal":8,"minecraft:crafting_table":7,"illagerinvasion:platinum_chunk":12,"minecraft:flower_pot":1,"minecraft:clay_ball":2,"minecraft:brown_mushroom":1,"minecraft:potion":3,"minecraft:chain":1,"minecraft:polished_deepslate":1,"minecraft:string":10,"minecraft:iron_axe":1,"minecraft:red_nether_bricks":2,"minecraft:item_frame":1,"minecraft:cyan_carpet":6,"minecraft:beetroot":9,"minecraft:cracked_stone_bricks":1,"minecraft:gold_nugget":96,"minecraft:cobbled_deepslate":13,"minecraft:spruce_planks":2,"minecraft:beef":7,"minecraft:rose_bush":2,"minecraft:player_head":2,"minecraft:calcite":9,"minecraft:iron_nugget":14,"minecraft:poppy":1,"minecraft:light_gray_wool":1,"minecraft:coal_block":16,"minecraft:sugar_cane":2,"minecraft:smooth_quartz_stairs":1,"iceandfire:dragonscales_red":34,"minecraft:egg":1,"minecraft:furnace":5,"minecraft:stick":7,"minecraft:raw_iron":6,"iceandfire:dragonbone":6,"minecraft:stripped_mangrove_wood":5,"minecraft:torch":29,"minecraft:spruce_fence":1,"minecraft:porkchop":32,"minecraft:pointed_dripstone":6,"tombstone:grave_dust":1,"minecraft:diorite":4,"minecraft:carrot":7,"minecraft:redstone":10,"minecraft:dark_oak_planks":19,"minecraft:green_banner":1,"luminousworld:grassflowers":2,"minecraft:arrow":23,"minecraft:mangrove_stairs":1,"minecraft:rotten_flesh":27,"minecraft:deepslate_bricks":2,"minecraft:hay_block":29,"iceandfire:fire_dragon_heart":1,"minecraft:cracked_deepslate_bricks":2,"born_in_chaos_v1:spiny_shell":3,"tombstone:essence_of_undeath":1,"supplementaries:ash":5,"minecraft:skeleton_skull":1,"minecraft:glow_berries":1,"minecraft:mutton":25,"minecraft:rail":2,"minecraft:iron_bars":3,"minecraft:cod":1,"minecraft:white_wool":15,"minecraft:cobblestone":194,"minecraft:tripwire_hook":2,"minecraft:andesite":1,"minecraft:salmon":1,"minecraft:leather":6,"born_in_chaos_v1:black_argillite_button":1,"minecraft:oak_log":76,"supplementaries:flax_seeds":1,"iceandfire:ectoplasm":1,"minecraft:cobblestone_stairs":2,"minecraft:dirt":89,"minecraft:white_banner":3,"minecraft:cooked_mutton":3,"minecraft:bone":30,"undead_revamp2:blacpetalblock":1,"minecraft:gray_carpet":5,"minecraft:wheat_seeds":13,"minecraft:iron_ingot":2,"minecraft:mossy_stone_bricks":1,"minecraft:cyan_candle":3,"minecraft:powered_rail":1,"luminousworld:white_petunias":1,"minecraft:mangrove_planks":1,"minecraft:oak_planks":30,"minecraft:flowering_azalea":1,"minecraft:sweet_berries":43,"born_in_chaos_v1:ethereal_spirit":1,"iceandfire:ash":1,"minecraft:dandelion":2,"minecraft:gravel":2,"iceandfire:dragon_skull_fire":1,"minecraft:spider_eye":1,"minecraft:blast_furnace":1,"minecraft:lily_of_the_valley":1,"minecraft:white_bed":4,"minecraft:spruce_log":24,"quark:oak_chest":2,"minecraft:barrel":2,"mowziesmobs:naga_fang":1,"minecraft:diamond":2,"luminousworld:yellowpetunias":2,"minecraft:crossbow":4,"minecraft:painting":2,"minecraft:gray_wool":2,"minecraft:bread":12,"minecraft:emerald":13,"minecraft:black_wool":1,"minecraft:oak_sapling":6,"born_in_chaos_v1:rotten_fish":4,"minecraft:netherrack":4,"minecraft:coal":66,"iceandfire:raw_silver":2},"minecraft:killed_by":{"minecraft:husk":2,"undead_revamp2:the_moonflower":1,"minecraft:pillager":2,"undead_revamp2:thehunter":2,"minecraft:skeleton":1,"minecraft:zombie":1,"enemyexpansion:direwolf":1,"iceandfire:ghost":1,"iceandfire:fire_dragon":26},"minecraft:custom":{"minecraft:mob_kills":130,"minecraft:interact_with_crafting_table":47,"minecraft:open_barrel":24,"minecraft:leave_game":5,"minecraft:damage_dealt_resisted":61,"minecraft:time_since_death":94656,"minecraft:climb_one_cm":16578,"minecraft:sprint_one_cm":897341,"minecraft:walk_one_cm":570627,"minecraft:damage_blocked_by_shield":1870,"minecraft:drop":31,"minecraft:play_time":295074,"minecraft:deaths":38,"minecraft:sneak_time":6696,"minecraft:walk_under_water_one_cm":11298,"minecraft:jump":5702,"minecraft:walk_on_water_one_cm":45783,"minecraft:total_world_time":295074,"minecraft:interact_with_furnace":50,"tombstone:raider_killed":21,"minecraft:sleep_in_bed":11,"minecraft:time_since_rest":43653,"minecraft:damage_absorbed":42,"minecraft:damage_taken":14916,"minecraft:damage_dealt":26738,"minecraft:swim_one_cm":84483,"minecraft:fly_one_cm":1354006,"minecraft:open_chest":117,"minecraft:crouch_one_cm":11731,"tombstone:undead_killed":43,"minecraft:fall_one_cm":150317},"minecraft:mined":{"minecraft:dark_oak_planks":19,"minecraft:spruce_planks":2,"minecraft:white_bed":4,"iceandfire:silver_ore":2,"luminousworld:yellowpetunias":1,"minecraft:deepslate_diamond_ore":2,"luminousworld:grassvariant_4":1,"minecraft:cobblestone_stairs":2,"minecraft:red_nether_bricks":2,"minecraft:potted_flowering_azalea_bush":1,"minecraft:cave_vines_plant":1,"luminousworld:mossbuds_2":2,"minecraft:spruce_fence":1,"minecraft:grass_block":60,"minecraft:white_stained_glass":1,"luminousworld:grassvariant_2":1,"minecraft:deepslate_bricks":2,"minecraft:coal_block":17,"minecraft:mangrove_trapdoor":1,"minecraft:spruce_leaves":7,"minecraft:spawner":4,"minecraft:tall_seagrass":1,"minecraft:hay_block":29,"minecraft:waxed_oxidized_cut_copper":14,"minecraft:furnace":5,"minecraft:dark_oak_trapdoor":1,"minecraft:iron_ore":3,"minecraft:barrel":2,"minecraft:fire":6,"minecraft:andesite":1,"luminousworld:mossbuds_3":2,"minecraft:polished_deepslate":1,"minecraft:pointed_dripstone":2,"minecraft:deepslate_iron_ore":3,"minecraft:iron_bars":3,"minecraft:smooth_quartz_stairs":1,"minecraft:stripped_mangrove_wood":5,"minecraft:stone":189,"minecraft:player_head":2,"minecraft:deepslate_redstone_ore":2,"minecraft:mangrove_stairs":1,"quark:oak_chest":2,"minecraft:lily_of_the_valley":1,"minecraft:dandelion":2,"minecraft:cornflower":1,"minecraft:crafting_table":7,"minecraft:torch":10,"minecraft:blast_furnace":1,"minecraft:calcite":7,"minecraft:poppy":1,"minecraft:rose_bush":2,"minecraft:campfire":4,"minecraft:tall_grass":5,"minecraft:cobblestone":6,"born_in_chaos_v1:black_argillite_button":1,"minecraft:oak_planks":27,"minecraft:sugar_cane":1,"minecraft:cracked_deepslate_bricks":2,"minecraft:diorite":4,"minecraft:wall_torch":19,"supplementaries:urn":6,"minecraft:light_gray_stained_glass":1,"minecraft:sweet_berry_bush":18,"minecraft:spruce_log":26,"minecraft:birch_leaves":3,"minecraft:mangrove_planks":1,"minecraft:grass":57,"minecraft:oak_log":76,"minecraft:coal_ore":46,"minecraft:gravel":2,"minecraft:dirt":30,"minecraft:gray_carpet":5,"minecraft:cobweb":2,"minecraft:cracked_stone_bricks":3,"minecraft:stone_bricks":1,"minecraft:tripwire_hook":1,"born_in_chaos_v1:infernal_evil_pumpkin_s":1,"minecraft:netherrack":4,"minecraft:mossy_stone_bricks":2,"minecraft:deepslate":15,"minecraft:oak_leaves":22,"minecraft:cyan_candle":1,"minecraft:fern":2}},"DataVersion":3465}