{"stats":{"minecraft:crafted":{"minecraft:oak_planks":276,"minecraft:cooked_mutton":18,"minecraft:iron_boots":1,"minecraft:stone_hoe":1,"sophisticatedbackpacks:backpack":2,"minecraft:cooked_porkchop":27,"minecraft:crafting_table":3,"minecraft:spruce_planks":96,"minecraft:wooden_pickaxe":1,"minecraft:iron_helmet":1,"minecraft:string":12,"minecraft:iron_chestplate":2,"minecraft:charcoal":7,"minecraft:shield":1,"minecraft:stick":72,"quark:oak_chest":10,"minecraft:iron_ingot":4,"minecraft:iron_pickaxe":1,"minecraft:stone_sword":1,"minecraft:wooden_sword":1,"minecraft:oak_door":3,"minecraft:coal":9,"minecraft:stone_shovel":1,"iceandfire:dragon_stick":1,"minecraft:furnace":5,"minecraft:flint_and_steel":1,"minecraft:iron_axe":1,"minecraft:stone_pickaxe":2,"minecraft:cooked_beef":10,"minecraft:crossbow":3,"minecraft:diamond_sword":1,"iceandfire:dragon_meal":1,"minecraft:iron_sword":3,"minecraft:stone_axe":1,"minecraft:blue_dye":1,"minecraft:air":0,"aether:iron_gloves":1,"minecraft:wooden_axe":1,"minecraft:iron_leggings":1,"minecraft:white_bed":2,"minecraft:torch":80},"minecraft:dropped":{"minecraft:iron_sword":1,"minecraft:brown_mushroom":1,"luminousworld:white_petunias":1,"minecraft:dark_oak_trapdoor":1,"minecraft:iron_pickaxe":1,"undead_revamp2:blacpetalblock":1,"minecraft:dark_oak_planks":2,"minecraft:white_wool":1,"minecraft:cyan_carpet":6,"quark:black_shard":6,"minecraft:rotten_flesh":7,"minecraft:green_banner":1,"minecraft:poppy":1,"luminousworld:grassflowers":1,"minecraft:red_nether_bricks":2,"minecraft:iron_bars":1,"minecraft:arrow":10,"minecraft:wheat_seeds":1,"minecraft:smooth_quartz_stairs":1,"minecraft:spruce_stairs":1,"minecraft:stick":30,"minecraft:diorite":4,"minecraft:potion":1,"minecraft:tripwire_hook":1,"minecraft:gray_carpet":5,"minecraft:polished_deepslate":1,"minecraft:bowl":1,"born_in_chaos_v1:black_argillite_button":1,"minecraft:spruce_fence":3,"minecraft:polished_deepslate_stairs":1,"minecraft:deepslate_bricks":2,"minecraft:spruce_trapdoor":1,"minecraft:iron_chestplate":1,"minecraft:stone_pickaxe":1,"minecraft:cracked_deepslate_bricks":2,"minecraft:calcite":19},"minecraft:broken":{"minecraft:iron_boots":1,"minecraft:iron_chestplate":1,"minecraft:stone_axe":1,"minecraft:iron_sword":1,"minecraft:wooden_axe":1,"minecraft:stone_sword":1,"minecraft:shield":1,"minecraft:iron_helmet":1},"minecraft:killed":{"born_in_chaos_v1:restless_spirit":5,"born_in_chaos_v1:door_knight_not_despawn":1,"minecraft:spider":7,"luminousworld:frost_bitten_skeleton":1,"undead_revamp2:theswarmer":1,"minecraft:skeleton":25,"minecraft:pig":19,"minecraft:sheep":22,"minecraft:pillager":22,"minecraft:zombie":5,"enemyexpansion:botfly":3,"minecraft:cow":6,"mowziesmobs:naga":1,"undead_revamp2:thehunter":1,"enemyexpansion:direwolf":1,"born_in_chaos_v1:thornshell_crab":1,"born_in_chaos_v1:maggot":4,"iceandfire:fire_dragon":1,"naturalist:bass":1,"minecraft:drowned":1,"born_in_chaos_v1:corpse_fish":1,"born_in_chaos_v1:barrel_zombie":1,"luminousworld:firefly":1,"minecraft:husk":49,"undead_revamp2:the_moonflower":7,"enemyexpansion:sprinter":1,"minecraft:frog":1,"earthmobsmod:wooly_cow":1,"born_in_chaos_v1:decrepit_skeleton":3,"iceandfire:ghost":3},"minecraft:used":{"minecraft:iron_shovel":11,"minecraft:shield":65,"minecraft:iron_sword":795,"minecraft:player_head":1,"minecraft:mutton":2,"minecraft:dark_oak_slab":10,"minecraft:oak_sapling":3,"minecraft:furnace":8,"minecraft:egg":1,"minecraft:dark_oak_stairs":6,"minecraft:mossy_stone_bricks":1,"minecraft:waxed_oxidized_cut_copper_slab":3,"minecraft:damaged_anvil":1,"minecraft:stone_pickaxe":263,"minecraft:oak_planks":177,"minecraft:wooden_pickaxe":16,"minecraft:stripped_mangrove_wood":2,"minecraft:golden_apple":1,"minecraft:mushroom_stew":3,"sophisticatedbackpacks:backpack":2,"minecraft:bread":40,"minecraft:cyan_carpet":1,"minecraft:gravel":2,"minecraft:diamond_sword":10,"iceandfire:dragonegg_red":1,"minecraft:flint_and_steel":1,"minecraft:iron_bars":3,"minecraft:stone_sword":133,"minecraft:stone_shovel":27,"minecraft:spruce_planks":27,"minecraft:stone_hoe":8,"minecraft:netherrack":3,"minecraft:oak_door":2,"minecraft:torch":60,"minecraft:dirt":61,"minecraft:spruce_stairs":1,"minecraft:nether_brick_slab":7,"minecraft:spruce_fence":1,"minecraft:dark_oak_planks":17,"minecraft:wooden_axe":59,"minecraft:iron_axe":217,"minecraft:barrel":1,"tombstone:gift":7,"minecraft:cooked_beef":3,"minecraft:calcite":6,"minecraft:wheat_seeds":6,"minecraft:cooked_mutton":20,"minecraft:cracked_stone_bricks":1,"minecraft:crafting_table":10,"minecraft:white_bed":6,"minecraft:cake":1,"tombstone:bag_of_seeds":2,"minecraft:iron_pickaxe":177,"minecraft:stone_axe":130,"minecraft:cobblestone":16,"minecraft:potion":2,"minecraft:porkchop":1,"minecraft:cooked_porkchop":22,"quark:oak_chest":11,"minecraft:gray_wool":1},"minecraft:picked_up":{"illagerinvasion:platinum_chunk":12,"minecraft:flower_pot":3,"minecraft:smithing_table":1,"minecraft:wither_rose":1,"minecraft:potion":4,"minecraft:brewing_stand":1,"minecraft:polished_deepslate":1,"minecraft:dark_oak_trapdoor":2,"minecraft:string":18,"minecraft:red_nether_bricks":2,"minecraft:iron_leggings":1,"minecraft:armor_stand":2,"minecraft:beetroot":9,"minecraft:gold_nugget":96,"minecraft:cobbled_deepslate":13,"minecraft:spruce_planks":11,"minecraft:rose_bush":3,"minecraft:calcite":30,"quark:black_shard":15,"minecraft:iron_pickaxe":1,"minecraft:coal_block":19,"minecraft:smooth_quartz_stairs":1,"iceandfire:dragonscales_red":34,"minecraft:furnace":5,"minecraft:stick":11,"minecraft:polished_deepslate_stairs":1,"minecraft:torch":29,"minecraft:spruce_stairs":3,"minecraft:porkchop":36,"minecraft:pointed_dripstone":6,"tombstone:grave_dust":11,"minecraft:diorite":5,"minecraft:yellow_banner":1,"minecraft:green_banner":1,"luminousworld:grassflowers":2,"minecraft:mangrove_stairs":1,"minecraft:rotten_flesh":61,"iceandfire:fire_dragon_heart":1,"minecraft:bookshelf":33,"supplementaries:ash":5,"minecraft:iron_bars":4,"minecraft:cod":1,"minecraft:cobblestone":197,"minecraft:leather_chestplate":2,"minecraft:andesite":1,"minecraft:brown_wool":1,"supplementaries:flax_seeds":1,"born_in_chaos_v1:black_argillite_button":1,"minecraft:dirt":96,"minecraft:bone":49,"undead_revamp2:blacpetalblock":1,"minecraft:bow":1,"minecraft:wheat_seeds":14,"minecraft:cyan_candle":3,"minecraft:mossy_stone_bricks":1,"minecraft:powered_rail":1,"minecraft:oak_planks":30,"minecraft:cooked_porkchop":1,"iceandfire:dragon_skull_fire":1,"minecraft:melon":1,"minecraft:dead_bush":1,"minecraft:cyan_bed":1,"minecraft:lily_of_the_valley":1,"minecraft:barrel":2,"minecraft:diamond":2,"luminousworld:yellowpetunias":2,"minecraft:crossbow":4,"minecraft:bread":12,"minecraft:emerald":14,"minecraft:spruce_sign":4,"minecraft:chainmail_helmet":1,"minecraft:oak_sapling":8,"born_in_chaos_v1:rotten_fish":4,"minecraft:netherrack":4,"iceandfire:raw_silver":2,"minecraft:charcoal":8,"minecraft:crafting_table":7,"minecraft:clay_ball":2,"minecraft:brown_mushroom":1,"minecraft:chain":2,"minecraft:cornflower":1,"minecraft:iron_axe":2,"minecraft:item_frame":1,"minecraft:iron_shovel":1,"minecraft:cyan_carpet":7,"minecraft:cracked_stone_bricks":1,"minecraft:beef":10,"minecraft:player_head":4,"minecraft:iron_nugget":14,"minecraft:poppy":1,"minecraft:spruce_slab":2,"minecraft:light_gray_wool":1,"minecraft:sugar_cane":2,"minecraft:spruce_trapdoor":4,"minecraft:egg":1,"minecraft:raw_iron":6,"iceandfire:dragonbone":6,"minecraft:stripped_mangrove_wood":5,"minecraft:bowl":1,"minecraft:spruce_fence":5,"minecraft:carrot":10,"minecraft:redstone":10,"minecraft:dark_oak_planks":27,"minecraft:arrow":34,"minecraft:deepslate_bricks":2,"minecraft:hay_block":33,"minecraft:cracked_deepslate_bricks":2,"born_in_chaos_v1:spiny_shell":3,"tombstone:essence_of_undeath":1,"minecraft:glow_berries":1,"minecraft:mutton":29,"minecraft:white_wool":18,"minecraft:skeleton_skull":1,"minecraft:rail":2,"born_in_chaos_v1:corpse_maggot":2,"minecraft:golden_carrot":2,"minecraft:tripwire_hook":3,"minecraft:salmon":1,"minecraft:leather":7,"minecraft:mushroom_stew":1,"minecraft:oak_log":82,"iceandfire:ectoplasm":1,"minecraft:cobblestone_stairs":2,"minecraft:white_banner":4,"minecraft:cooked_mutton":3,"minecraft:gray_carpet":8,"minecraft:iron_ingot":3,"minecraft:mangrove_planks":1,"luminousworld:white_petunias":1,"minecraft:iron_sword":1,"minecraft:flowering_azalea":1,"minecraft:dark_oak_stairs":8,"minecraft:book":12,"minecraft:dark_oak_slab":15,"minecraft:sweet_berries":43,"iceandfire:ash":1,"born_in_chaos_v1:ethereal_spirit":5,"minecraft:dandelion":2,"minecraft:gravel":2,"minecraft:blast_furnace":1,"minecraft:white_bed":4,"minecraft:spruce_log":24,"minecraft:nether_brick_slab":14,"quark:oak_chest":2,"minecraft:spider_eye":2,"mowziesmobs:naga_fang":1,"minecraft:chainmail_leggings":1,"minecraft:painting":2,"minecraft:gray_wool":3,"minecraft:waxed_oxidized_cut_copper_slab":5,"minecraft:damaged_anvil":1,"minecraft:black_wool":1,"minecraft:coal":66},"minecraft:killed_by":{"undead_revamp2:the_moonflower":1,"minecraft:pillager":2,"minecraft:zombie":1,"iceandfire:fire_dragon":26,"minecraft:husk":9,"minecraft:player":1,"undead_revamp2:thehunter":2,"minecraft:skeleton":2,"enemyexpansion:direwolf":1,"illagerinvasion:marauder":1,"iceandfire:ghost":1},"minecraft:custom":{"minecraft:interact_with_crafting_table":61,"minecraft:open_barrel":69,"minecraft:eat_cake_slice":6,"minecraft:leave_game":8,"minecraft:time_since_death":6151,"minecraft:sprint_one_cm":1132464,"minecraft:damage_blocked_by_shield":2210,"minecraft:drop":47,"minecraft:talked_to_villager":2,"minecraft:play_time":390228,"minecraft:deaths":49,"minecraft:jump":6398,"minecraft:walk_on_water_one_cm":49727,"minecraft:interact_with_furnace":56,"minecraft:sleep_in_bed":13,"minecraft:damage_dealt":44435,"minecraft:crouch_one_cm":22029,"tombstone:undead_killed":98,"minecraft:interact_with_smithing_table":1,"minecraft:interact_with_anvil":3,"minecraft:mob_kills":207,"minecraft:damage_dealt_resisted":95,"minecraft:climb_one_cm":21030,"minecraft:walk_one_cm":784513,"minecraft:sneak_time":13672,"minecraft:walk_under_water_one_cm":11544,"minecraft:total_world_time":390228,"tombstone:raider_killed":22,"minecraft:time_since_rest":5893,"minecraft:damage_taken":19881,"minecraft:damage_absorbed":42,"minecraft:swim_one_cm":90287,"minecraft:fly_one_cm":1521039,"minecraft:open_chest":167,"minecraft:fall_one_cm":172078},"minecraft:mined":{"minecraft:dark_oak_planks":27,"minecraft:spruce_planks":12,"minecraft:white_bed":4,"luminousworld:yellowpetunias":1,"minecraft:cobblestone_stairs":2,"minecraft:red_nether_bricks":2,"minecraft:brewing_stand":1,"minecraft:potted_dead_bush":1,"minecraft:spruce_trapdoor":4,"minecraft:cave_vines_plant":1,"minecraft:grass_block":67,"minecraft:deepslate_bricks":2,"minecraft:coal_block":20,"minecraft:spawner":10,"minecraft:tall_seagrass":1,"minecraft:dark_oak_trapdoor":3,"minecraft:iron_ore":3,"minecraft:fire":6,"minecraft:barrel":2,"minecraft:dark_oak_stairs":8,"minecraft:pointed_dripstone":2,"minecraft:iron_bars":4,"minecraft:stripped_mangrove_wood":5,"minecraft:player_head":4,"minecraft:spruce_slab":2,"minecraft:deepslate_redstone_ore":2,"minecraft:polished_deepslate_stairs":1,"minecraft:torch":10,"minecraft:blast_furnace":1,"minecraft:calcite":20,"minecraft:poppy":1,"minecraft:melon":1,"minecraft:nether_brick_slab":14,"minecraft:spruce_wall_sign":1,"minecraft:cobblestone":6,"minecraft:cyan_bed":1,"minecraft:sugar_cane":1,"minecraft:oak_planks":27,"minecraft:damaged_anvil":1,"born_in_chaos_v1:black_argillite_button":1,"minecraft:wall_torch":19,"minecraft:dark_oak_slab":12,"minecraft:light_gray_stained_glass":1,"minecraft:grass":70,"minecraft:oak_log":82,"minecraft:dirt":30,"minecraft:tripwire_hook":2,"born_in_chaos_v1:infernal_evil_pumpkin_s":1,"minecraft:netherrack":4,"minecraft:oak_leaves":23,"minecraft:cyan_candle":1,"minecraft:deepslate":15,"minecraft:yellow_wall_banner":1,"iceandfire:silver_ore":2,"minecraft:deepslate_diamond_ore":2,"minecraft:potted_wither_rose":1,"luminousworld:grassvariant_4":1,"minecraft:potted_flowering_azalea_bush":1,"luminousworld:mossbuds_2":2,"minecraft:spruce_fence":4,"minecraft:white_stained_glass":1,"luminousworld:grassvariant_2":1,"minecraft:mangrove_trapdoor":1,"minecraft:spruce_leaves":14,"minecraft:hay_block":33,"minecraft:waxed_oxidized_cut_copper":14,"minecraft:furnace":5,"minecraft:waxed_oxidized_cut_copper_slab":5,"minecraft:andesite":1,"luminousworld:mossbuds_3":2,"minecraft:polished_deepslate":1,"minecraft:bookshelf":37,"minecraft:deepslate_iron_ore":3,"minecraft:smooth_quartz_stairs":6,"minecraft:stone":192,"minecraft:smithing_table":1,"minecraft:mangrove_stairs":1,"quark:oak_chest":2,"minecraft:lily_of_the_valley":1,"minecraft:dandelion":2,"minecraft:crafting_table":7,"minecraft:cornflower":2,"minecraft:rose_bush":3,"minecraft:campfire":4,"minecraft:tall_grass":5,"minecraft:cracked_deepslate_bricks":2,"minecraft:diorite":6,"supplementaries:urn":6,"minecraft:spruce_stairs":3,"minecraft:black_stained_glass":3,"minecraft:gray_wool":1,"minecraft:sweet_berry_bush":18,"minecraft:spruce_log":26,"minecraft:birch_leaves":3,"minecraft:mangrove_planks":1,"minecraft:coal_ore":46,"minecraft:gravel":2,"minecraft:cyan_carpet":1,"minecraft:gray_carpet":6,"minecraft:cobweb":10,"minecraft:cracked_stone_bricks":3,"minecraft:stone_bricks":1,"minecraft:mossy_stone_bricks":2,"minecraft:fern":3}},"DataVersion":3465}