{"stats":{"minecraft:broken":{"minecraft:stone_sword":1,"minecraft:stone_axe":1,"minecraft:wooden_axe":1},"minecraft:picked_up":{"minecraft:charcoal":8,"minecraft:crafting_table":5,"illagerinvasion:platinum_chunk":3,"minecraft:flower_pot":1,"minecraft:clay_ball":2,"minecraft:brown_mushroom":1,"minecraft:potion":3,"minecraft:polished_deepslate":1,"minecraft:string":1,"minecraft:red_nether_bricks":2,"minecraft:item_frame":1,"minecraft:cyan_carpet":6,"minecraft:beetroot":9,"minecraft:beef":7,"minecraft:calcite":9,"minecraft:rose_bush":2,"minecraft:player_head":2,"minecraft:poppy":1,"minecraft:light_gray_wool":1,"minecraft:coal_block":16,"minecraft:sugar_cane":2,"minecraft:smooth_quartz_stairs":1,"minecraft:furnace":4,"minecraft:stick":7,"minecraft:raw_iron":3,"minecraft:stripped_mangrove_wood":5,"minecraft:torch":21,"minecraft:spruce_fence":1,"minecraft:porkchop":30,"minecraft:pointed_dripstone":6,"tombstone:grave_dust":1,"minecraft:diorite":4,"minecraft:carrot":7,"minecraft:dark_oak_planks":19,"minecraft:green_banner":1,"luminousworld:grassflowers":1,"minecraft:arrow":17,"minecraft:mangrove_stairs":1,"minecraft:rotten_flesh":12,"minecraft:deepslate_bricks":2,"minecraft:cracked_deepslate_bricks":2,"tombstone:essence_of_undeath":1,"born_in_chaos_v1:spiny_shell":3,"minecraft:glow_berries":1,"minecraft:mutton":21,"minecraft:iron_bars":3,"minecraft:cod":1,"minecraft:white_wool":13,"minecraft:cobblestone":163,"minecraft:tripwire_hook":2,"minecraft:salmon":1,"minecraft:leather":6,"minecraft:oak_log":76,"iceandfire:ectoplasm":1,"minecraft:dirt":58,"minecraft:white_banner":1,"minecraft:cooked_mutton":3,"minecraft:bone":16,"undead_revamp2:blacpetalblock":1,"minecraft:gray_carpet":5,"minecraft:wheat_seeds":8,"minecraft:cyan_candle":3,"luminousworld:white_petunias":1,"minecraft:mangrove_planks":1,"minecraft:flowering_azalea":1,"minecraft:oak_planks":25,"minecraft:sweet_berries":43,"minecraft:dandelion":1,"minecraft:gravel":2,"minecraft:blast_furnace":1,"minecraft:white_bed":2,"minecraft:spruce_log":6,"minecraft:barrel":2,"mowziesmobs:naga_fang":1,"minecraft:painting":2,"minecraft:gray_wool":2,"minecraft:emerald":3,"minecraft:bread":12,"minecraft:oak_sapling":5,"born_in_chaos_v1:rotten_fish":1,"minecraft:netherrack":2,"minecraft:coal":62,"iceandfire:raw_silver":2},"minecraft:used":{"minecraft:stone_sword":133,"minecraft:iron_bars":3,"minecraft:stone_shovel":27,"minecraft:spruce_planks":13,"minecraft:iron_sword":200,"minecraft:stone_hoe":8,"minecraft:player_head":1,"minecraft:netherrack":2,"minecraft:oak_door":2,"minecraft:torch":47,"minecraft:dirt":32,"minecraft:dark_oak_planks":17,"minecraft:wooden_axe":59,"minecraft:iron_axe":41,"minecraft:barrel":1,"minecraft:oak_sapling":3,"minecraft:furnace":7,"tombstone:gift":3,"minecraft:cooked_beef":2,"minecraft:wheat_seeds":6,"minecraft:cooked_mutton":17,"minecraft:stone_pickaxe":263,"minecraft:oak_planks":177,"minecraft:wooden_pickaxe":16,"minecraft:stripped_mangrove_wood":2,"minecraft:crafting_table":7,"minecraft:mushroom_stew":1,"minecraft:white_bed":4,"minecraft:iron_pickaxe":30,"minecraft:bread":10,"minecraft:gravel":2,"minecraft:stone_axe":130,"minecraft:cobblestone":13,"minecraft:potion":2,"minecraft:cooked_porkchop":16,"quark:oak_chest":3,"minecraft:gray_wool":1},"minecraft:mined":{"minecraft:dark_oak_planks":19,"minecraft:white_bed":2,"iceandfire:silver_ore":2,"luminousworld:grassvariant_4":1,"minecraft:red_nether_bricks":2,"minecraft:potted_flowering_azalea_bush":1,"minecraft:cave_vines_plant":1,"luminousworld:mossbuds_2":2,"minecraft:grass_block":47,"minecraft:spruce_fence":1,"minecraft:white_stained_glass":1,"minecraft:deepslate_bricks":2,"minecraft:coal_block":17,"minecraft:mangrove_trapdoor":1,"minecraft:spruce_leaves":3,"minecraft:spawner":3,"minecraft:waxed_oxidized_cut_copper":14,"minecraft:furnace":4,"minecraft:dark_oak_trapdoor":1,"minecraft:iron_ore":3,"minecraft:fire":5,"minecraft:barrel":2,"luminousworld:mossbuds_3":2,"minecraft:polished_deepslate":1,"minecraft:pointed_dripstone":2,"minecraft:iron_bars":3,"minecraft:smooth_quartz_stairs":1,"minecraft:stripped_mangrove_wood":5,"minecraft:stone":159,"minecraft:player_head":2,"minecraft:mangrove_stairs":1,"minecraft:dandelion":1,"minecraft:crafting_table":5,"minecraft:cornflower":1,"minecraft:torch":8,"minecraft:blast_furnace":1,"minecraft:calcite":7,"minecraft:poppy":1,"minecraft:rose_bush":2,"minecraft:campfire":4,"minecraft:tall_grass":2,"minecraft:cobblestone":5,"minecraft:oak_planks":22,"minecraft:sugar_cane":1,"minecraft:cracked_deepslate_bricks":2,"minecraft:diorite":4,"minecraft:wall_torch":13,"minecraft:light_gray_stained_glass":1,"minecraft:sweet_berry_bush":18,"minecraft:spruce_log":7,"minecraft:birch_leaves":3,"minecraft:mangrove_planks":1,"minecraft:grass":44,"minecraft:oak_log":76,"minecraft:coal_ore":42,"minecraft:gravel":2,"minecraft:dirt":11,"minecraft:gray_carpet":5,"minecraft:tripwire_hook":1,"born_in_chaos_v1:infernal_evil_pumpkin_s":1,"minecraft:netherrack":2,"minecraft:oak_leaves":19,"minecraft:cyan_candle":1,"minecraft:fern":2},"minecraft:custom":{"minecraft:mob_kills":80,"minecraft:interact_with_crafting_table":36,"minecraft:open_barrel":13,"minecraft:leave_game":4,"minecraft:damage_dealt_resisted":61,"minecraft:time_since_death":1183,"minecraft:climb_one_cm":3128,"minecraft:sprint_one_cm":564544,"minecraft:walk_one_cm":374583,"minecraft:drop":29,"minecraft:play_time":185271,"minecraft:deaths":19,"minecraft:sneak_time":6075,"minecraft:walk_under_water_one_cm":2539,"minecraft:jump":3720,"minecraft:walk_on_water_one_cm":31667,"minecraft:total_world_time":185271,"minecraft:interact_with_furnace":31,"tombstone:raider_killed":5,"minecraft:sleep_in_bed":6,"minecraft:time_since_rest":45,"minecraft:damage_taken":8253,"minecraft:damage_dealt":15160,"minecraft:swim_one_cm":70674,"minecraft:fly_one_cm":807893,"minecraft:open_chest":44,"minecraft:crouch_one_cm":10524,"tombstone:undead_killed":30,"minecraft:fall_one_cm":104241},"minecraft:dropped":{"minecraft:wheat_seeds":1,"minecraft:brown_mushroom":1,"luminousworld:white_petunias":1,"minecraft:smooth_quartz_stairs":1,"minecraft:stick":30,"minecraft:diorite":4,"minecraft:potion":1,"undead_revamp2:blacpetalblock":1,"minecraft:dark_oak_planks":2,"minecraft:white_wool":1,"minecraft:gray_carpet":5,"minecraft:cyan_carpet":6,"minecraft:polished_deepslate":1,"minecraft:rotten_flesh":6,"minecraft:green_banner":1,"minecraft:spruce_fence":1,"minecraft:deepslate_bricks":2,"minecraft:poppy":1,"luminousworld:grassflowers":1,"minecraft:red_nether_bricks":2,"minecraft:arrow":10,"minecraft:stone_pickaxe":1,"minecraft:cracked_deepslate_bricks":2,"minecraft:calcite":7},"minecraft:crafted":{"minecraft:wooden_sword":1,"minecraft:oak_door":3,"minecraft:oak_planks":252,"minecraft:stone_shovel":1,"minecraft:coal":9,"minecraft:furnace":4,"minecraft:cooked_mutton":14,"minecraft:iron_axe":1,"minecraft:stone_pickaxe":2,"minecraft:stone_hoe":1,"minecraft:cooked_beef":2,"minecraft:cooked_porkchop":17,"minecraft:crafting_table":2,"minecraft:spruce_planks":24,"minecraft:wooden_pickaxe":1,"minecraft:iron_sword":1,"minecraft:stone_axe":1,"minecraft:air":0,"minecraft:string":12,"minecraft:iron_chestplate":1,"minecraft:charcoal":7,"minecraft:stick":68,"quark:oak_chest":4,"minecraft:iron_ingot":4,"minecraft:iron_pickaxe":1,"minecraft:wooden_axe":1,"minecraft:stone_sword":1,"minecraft:white_bed":2,"minecraft:torch":80},"minecraft:killed":{"undead_revamp2:thehunter":1,"born_in_chaos_v1:thornshell_crab":1,"enemyexpansion:direwolf":1,"minecraft:skeleton":15,"born_in_chaos_v1:barrel_zombie":1,"minecraft:husk":4,"minecraft:pig":15,"undead_revamp2:the_moonflower":2,"minecraft:sheep":16,"minecraft:pillager":5,"minecraft:zombie":5,"iceandfire:ghost":3,"enemyexpansion:botfly":1,"minecraft:cow":6,"mowziesmobs:naga":1},"minecraft:killed_by":{"minecraft:husk":2,"undead_revamp2:the_moonflower":1,"minecraft:pillager":2,"undead_revamp2:thehunter":2,"minecraft:skeleton":1,"minecraft:zombie":1,"enemyexpansion:direwolf":1,"iceandfire:ghost":1,"iceandfire:fire_dragon":8}},"DataVersion":3465}