{"stats":{"minecraft:custom":{"minecraft:interact_with_crafting_table":74,"minecraft:open_barrel":69,"minecraft:eat_cake_slice":6,"minecraft:leave_game":12,"minecraft:time_since_death":32597,"minecraft:sprint_one_cm":1553752,"minecraft:damage_blocked_by_shield":2210,"minecraft:drop":73,"minecraft:talked_to_villager":3,"minecraft:play_time":617558,"minecraft:deaths":53,"minecraft:jump":8031,"minecraft:walk_on_water_one_cm":86313,"minecraft:interact_with_furnace":62,"minecraft:sleep_in_bed":25,"minecraft:damage_dealt":47868,"minecraft:crouch_one_cm":32417,"tombstone:undead_killed":108,"minecraft:interact_with_smithing_table":1,"minecraft:interact_with_anvil":5,"minecraft:mob_kills":291,"minecraft:damage_dealt_resisted":325,"minecraft:climb_one_cm":41187,"minecraft:walk_one_cm":1047162,"minecraft:sneak_time":18992,"minecraft:walk_under_water_one_cm":35978,"minecraft:total_world_time":617558,"tombstone:raider_killed":53,"minecraft:interact_with_stonecutter":5,"minecraft:time_since_rest":20298,"minecraft:damage_taken":22437,"minecraft:damage_absorbed":42,"minecraft:swim_one_cm":167734,"minecraft:fly_one_cm":1832411,"minecraft:open_chest":275,"minecraft:fall_one_cm":229725},"minecraft:used":{"minecraft:iron_shovel":1757,"minecraft:ladder":37,"minecraft:shield":65,"minecraft:iron_sword":795,"minecraft:player_head":1,"minecraft:mutton":2,"minecraft:dark_oak_slab":10,"minecraft:oak_sapling":3,"minecraft:furnace":8,"minecraft:egg":1,"minecraft:potato":13,"minecraft:dark_oak_stairs":6,"minecraft:mossy_stone_bricks":1,"minecraft:waxed_oxidized_cut_copper_slab":3,"minecraft:diorite":22,"minecraft:damaged_anvil":1,"minecraft:stone_pickaxe":271,"minecraft:oak_planks":180,"minecraft:wooden_pickaxe":59,"minecraft:stripped_mangrove_wood":2,"minecraft:golden_apple":1,"minecraft:mushroom_stew":5,"sophisticatedbackpacks:backpack":2,"minecraft:bread":41,"minecraft:cyan_carpet":1,"minecraft:gravel":2,"minecraft:diamond_sword":70,"iceandfire:dragonegg_red":1,"minecraft:iron_bars":3,"minecraft:stone_sword":133,"minecraft:flint_and_steel":2,"minecraft:stone_shovel":27,"minecraft:spruce_planks":37,"minecraft:stone_hoe":16,"minecraft:netherrack":3,"minecraft:oak_door":2,"minecraft:torch":76,"minecraft:dirt":398,"minecraft:spruce_stairs":1,"minecraft:nether_brick_slab":7,"minecraft:granite":9,"minecraft:spruce_fence":1,"minecraft:dark_oak_planks":17,"minecraft:wooden_axe":59,"quark:spruce_chest":2,"minecraft:iron_axe":312,"minecraft:barrel":1,"minecraft:bamboo":57,"tombstone:gift":10,"minecraft:cooked_beef":7,"minecraft:cobbled_deepslate":87,"minecraft:calcite":6,"minecraft:wheat_seeds":6,"minecraft:cooked_mutton":20,"minecraft:stonecutter":2,"minecraft:deepslate_bricks":97,"minecraft:cracked_stone_bricks":1,"minecraft:crafting_table":10,"minecraft:white_bed":6,"minecraft:cake":1,"tombstone:bag_of_seeds":2,"minecraft:diamond_shovel":180,"minecraft:iron_pickaxe":1003,"minecraft:stone_axe":130,"minecraft:cobblestone":125,"minecraft:potion":2,"minecraft:porkchop":1,"minecraft:cooked_porkchop":22,"quark:spruce_ladder":42,"minecraft:pumpkin_pie":17,"quark:oak_chest":11,"minecraft:gray_wool":1},"minecraft:broken":{"minecraft:iron_shovel":5,"minecraft:iron_boots":1,"minecraft:iron_chestplate":1,"minecraft:iron_leggings":1,"minecraft:stone_pickaxe":1,"minecraft:stone_axe":1,"minecraft:iron_sword":1,"minecraft:wooden_axe":1,"minecraft:stone_sword":1,"minecraft:wooden_pickaxe":1,"minecraft:shield":1,"minecraft:iron_axe":1,"minecraft:iron_pickaxe":4,"minecraft:iron_helmet":1},"minecraft:crafted":{"minecraft:oak_planks":468,"minecraft:stone":55,"minecraft:cooked_mutton":18,"minecraft:iron_boots":1,"minecraft:stone_hoe":1,"sophisticatedbackpacks:backpack":2,"minecraft:cooked_porkchop":27,"minecraft:crafting_table":3,"minecraft:spruce_planks":96,"minecraft:wooden_pickaxe":1,"minecraft:iron_helmet":1,"minecraft:string":12,"minecraft:iron_chestplate":2,"minecraft:charcoal":7,"minecraft:shield":1,"minecraft:stick":424,"quark:oak_chest":10,"minecraft:iron_ingot":73,"minecraft:iron_pickaxe":6,"minecraft:stone_sword":1,"minecraft:wooden_sword":1,"minecraft:oak_door":3,"minecraft:stone_shovel":1,"minecraft:coal":9,"iceandfire:dragon_stick":1,"minecraft:furnace":5,"minecraft:flint_and_steel":1,"minecraft:iron_axe":2,"minecraft:ladder":76,"minecraft:stone_pickaxe":2,"quark:spruce_chest":2,"minecraft:cooked_beef":10,"minecraft:crossbow":3,"minecraft:diamond_sword":1,"iceandfire:silver_ingot":2,"iceandfire:dragon_meal":1,"minecraft:iron_sword":3,"quark:spruce_ladder":136,"minecraft:stone_axe":1,"minecraft:blue_dye":1,"minecraft:air":0,"aether:iron_gloves":1,"minecraft:wooden_axe":1,"minecraft:iron_shovel":3,"minecraft:iron_leggings":1,"minecraft:stonecutter":1,"minecraft:white_bed":2,"minecraft:torch":80},"minecraft:killed_by":{"undead_revamp2:the_moonflower":1,"minecraft:pillager":2,"enemyexpansion:sprinter":1,"minecraft:zombie":1,"iceandfire:fire_dragon":26,"enemyexpansion:invisicreeper":1,"minecraft:husk":9,"minecraft:player":1,"undead_revamp2:thehunter":2,"minecraft:skeleton":2,"enemyexpansion:direwolf":1,"illagerinvasion:marauder":1,"iceandfire:ghost":1},"minecraft:picked_up":{"minecraft:wheat":6,"illagerinvasion:platinum_chunk":12,"minecraft:flower_pot":3,"minecraft:smithing_table":1,"quark:spruce_ladder":2,"minecraft:lead":1,"minecraft:diamond_sword":1,"minecraft:wither_rose":1,"minecraft:potion":4,"minecraft:brewing_stand":1,"iceandfire:manuscript":4,"minecraft:amethyst_block":16,"minecraft:polished_deepslate":1,"minecraft:string":19,"minecraft:dark_oak_trapdoor":2,"minecraft:red_nether_bricks":2,"minecraft:iron_leggings":1,"minecraft:armor_stand":2,"minecraft:beetroot":9,"minecraft:gold_nugget":96,"minecraft:cobbled_deepslate":338,"minecraft:spruce_planks":12,"minecraft:rose_bush":3,"minecraft:calcite":30,"quark:black_shard":15,"minecraft:iron_pickaxe":1,"minecraft:coal_block":19,"minecraft:smooth_quartz_stairs":1,"iceandfire:dragonscales_red":34,"minecraft:furnace":5,"iceandfire:ghost_chest":1,"minecraft:stick":25,"minecraft:polished_deepslate_stairs":1,"minecraft:torch":73,"minecraft:spruce_stairs":3,"minecraft:porkchop":38,"minecraft:cherry_log":20,"minecraft:pointed_dripstone":6,"tombstone:grave_dust":12,"minecraft:diorite":32,"minecraft:yellow_banner":1,"minecraft:green_banner":1,"luminousworld:grassflowers":2,"minecraft:mangrove_stairs":1,"minecraft:rotten_flesh":69,"aether:chainmail_gloves":1,"iceandfire:fire_dragon_heart":1,"minecraft:bookshelf":33,"supplementaries:ash":6,"minecraft:iron_bars":4,"minecraft:cod":1,"alexsmobs:flying_fish":1,"minecraft:cobblestone":453,"minecraft:pink_petals":11,"minecraft:leather_chestplate":2,"minecraft:andesite":21,"minecraft:brown_wool":1,"minecraft:potato":8,"minecraft:tuff":60,"supplementaries:flax_seeds":1,"born_in_chaos_v1:black_argillite_button":1,"minecraft:lapis_lazuli":14,"minecraft:dirt":2111,"minecraft:bone":57,"undead_revamp2:blacpetalblock":1,"minecraft:stonecutter":1,"minecraft:bow":1,"minecraft:wheat_seeds":61,"minecraft:bamboo":2,"minecraft:mossy_stone_bricks":1,"minecraft:cyan_candle":3,"minecraft:powered_rail":1,"minecraft:oak_planks":33,"luminousworld:bass_item":1,"minecraft:cooked_porkchop":1,"iceandfire:dragon_skull_fire":1,"minecraft:melon":1,"minecraft:cyan_bed":1,"minecraft:dead_bush":1,"minecraft:grass_block":1,"minecraft:lily_of_the_valley":1,"minecraft:barrel":2,"minecraft:mossy_cobblestone":1,"minecraft:diamond":11,"luminousworld:yellowpetunias":2,"minecraft:crossbow":4,"minecraft:granite":21,"minecraft:emerald":14,"minecraft:chainmail_helmet":1,"minecraft:spruce_sign":4,"minecraft:bread":12,"minecraft:oak_sapling":25,"born_in_chaos_v1:rotten_fish":4,"minecraft:netherrack":4,"minecraft:oak_leaves":2,"iceandfire:raw_silver":2,"minecraft:charcoal":8,"minecraft:crafting_table":7,"minecraft:azure_bluet":2,"minecraft:clay_ball":2,"minecraft:brown_mushroom":1,"minecraft:chain":2,"minecraft:cornflower":2,"minecraft:iron_axe":2,"minecraft:item_frame":1,"minecraft:iron_shovel":2,"minecraft:cyan_carpet":7,"iceandfire:graveyard_soil":3,"minecraft:cracked_stone_bricks":1,"minecraft:beef":10,"minecraft:player_head":4,"minecraft:iron_nugget":14,"minecraft:poppy":2,"minecraft:light_gray_wool":1,"minecraft:spruce_slab":2,"minecraft:sugar_cane":2,"minecraft:spruce_trapdoor":4,"minecraft:egg":1,"minecraft:raw_iron":72,"iceandfire:dragonbone":6,"minecraft:stripped_mangrove_wood":5,"minecraft:copper_ingot":1,"minecraft:bowl":2,"minecraft:spruce_fence":5,"sophisticatedbackpacks:backpack":2,"minecraft:carrot":10,"minecraft:redstone":10,"minecraft:dark_oak_planks":27,"minecraft:arrow":35,"minecraft:deepslate_bricks":75,"minecraft:hay_block":33,"minecraft:cracked_deepslate_bricks":2,"born_in_chaos_v1:spiny_shell":3,"tombstone:essence_of_undeath":1,"minecraft:glow_berries":1,"minecraft:mutton":29,"minecraft:rail":2,"minecraft:skeleton_skull":2,"minecraft:white_wool":18,"born_in_chaos_v1:corpse_maggot":4,"minecraft:golden_carrot":2,"minecraft:tripwire_hook":3,"minecraft:salmon":1,"minecraft:leather":7,"minecraft:mushroom_stew":1,"minecraft:oak_log":129,"iceandfire:ectoplasm":3,"minecraft:gunpowder":2,"minecraft:cobblestone_stairs":2,"minecraft:white_banner":4,"minecraft:cooked_mutton":3,"minecraft:apple":4,"minecraft:gray_carpet":8,"minecraft:iron_ingot":3,"minecraft:cobweb":5,"minecraft:mangrove_planks":1,"luminousworld:white_petunias":1,"minecraft:iron_sword":1,"minecraft:flowering_azalea":1,"minecraft:dark_oak_stairs":8,"minecraft:book":12,"minecraft:smooth_basalt":6,"minecraft:dark_oak_slab":15,"minecraft:sweet_berries":43,"iceandfire:ash":1,"born_in_chaos_v1:ethereal_spirit":5,"minecraft:dandelion":21,"minecraft:gravel":4,"minecraft:blast_furnace":1,"minecraft:white_bed":4,"minecraft:spruce_log":24,"minecraft:nether_brick_slab":14,"quark:oak_chest":2,"minecraft:spruce_door":1,"minecraft:spider_eye":2,"mowziesmobs:naga_fang":1,"alexsmobs:raw_catfish":2,"minecraft:chainmail_leggings":1,"minecraft:painting":2,"minecraft:cherry_sapling":2,"minecraft:gray_wool":3,"minecraft:waxed_oxidized_cut_copper_slab":5,"tombstone:magic_scroll":1,"minecraft:damaged_anvil":1,"minecraft:black_wool":1,"minecraft:coal":71},"minecraft:mined":{"minecraft:dark_oak_planks":27,"minecraft:spruce_planks":14,"minecraft:white_bed":4,"luminousworld:yellowpetunias":1,"minecraft:cobblestone_stairs":2,"minecraft:cherry_log":20,"minecraft:red_nether_bricks":2,"minecraft:brewing_stand":1,"minecraft:spruce_trapdoor":4,"minecraft:cave_vines_plant":1,"minecraft:potted_dead_bush":1,"minecraft:granite":21,"minecraft:budding_amethyst":2,"minecraft:grass_block":893,"minecraft:coal_block":20,"minecraft:deepslate_bricks":75,"minecraft:spawner":10,"minecraft:tall_seagrass":2,"minecraft:dark_oak_trapdoor":3,"minecraft:iron_ore":30,"minecraft:barrel":2,"minecraft:cobbled_deepslate":13,"minecraft:fire":7,"minecraft:deepslate_lapis_ore":1,"minecraft:dark_oak_stairs":8,"minecraft:pointed_dripstone":2,"minecraft:iron_bars":4,"minecraft:stripped_mangrove_wood":5,"minecraft:player_head":4,"minecraft:spruce_slab":2,"minecraft:deepslate_redstone_ore":2,"minecraft:polished_deepslate_stairs":1,"minecraft:torch":15,"minecraft:blast_furnace":1,"minecraft:calcite":20,"minecraft:poppy":1,"minecraft:melon":1,"iceandfire:ghost_chest":1,"minecraft:nether_brick_slab":14,"minecraft:spruce_wall_sign":1,"minecraft:cobblestone":9,"minecraft:cyan_bed":1,"minecraft:oak_planks":27,"minecraft:sugar_cane":1,"minecraft:damaged_anvil":1,"born_in_chaos_v1:black_argillite_button":1,"minecraft:wall_torch":26,"minecraft:amethyst_block":2,"minecraft:pink_petals":3,"minecraft:dark_oak_slab":12,"minecraft:light_gray_stained_glass":1,"minecraft:wheat":5,"minecraft:grass":107,"minecraft:oak_log":129,"minecraft:dirt":1141,"born_in_chaos_v1:infernal_evil_pumpkin_s":1,"minecraft:smooth_basalt":2,"minecraft:tripwire_hook":2,"minecraft:stonecutter":1,"minecraft:netherrack":4,"minecraft:oak_leaves":39,"minecraft:cyan_candle":1,"minecraft:deepslate":330,"minecraft:tuff":61,"minecraft:yellow_wall_banner":1,"iceandfire:silver_ore":2,"minecraft:mossy_cobblestone":1,"luminousworld:grassvariant_4":1,"minecraft:potted_wither_rose":1,"minecraft:deepslate_diamond_ore":11,"minecraft:potted_flowering_azalea_bush":1,"luminousworld:mossbuds_2":2,"minecraft:spruce_fence":4,"minecraft:white_stained_glass":1,"luminousworld:grassvariant_2":1,"minecraft:mangrove_trapdoor":1,"minecraft:spruce_leaves":14,"minecraft:hay_block":33,"minecraft:waxed_oxidized_cut_copper":14,"minecraft:furnace":5,"minecraft:waxed_oxidized_cut_copper_slab":5,"minecraft:andesite":21,"luminousworld:mossbuds_3":2,"minecraft:polished_deepslate":1,"minecraft:bookshelf":37,"minecraft:vine":1,"minecraft:deepslate_iron_ore":41,"minecraft:smooth_quartz_stairs":6,"minecraft:bamboo":2,"minecraft:stone":445,"sophisticatedbackpacks:backpack":2,"minecraft:smithing_table":1,"minecraft:mangrove_stairs":1,"quark:oak_chest":2,"minecraft:lily_of_the_valley":1,"minecraft:spruce_door":1,"minecraft:dandelion":3,"minecraft:crafting_table":7,"minecraft:cornflower":2,"minecraft:rose_bush":3,"minecraft:campfire":4,"minecraft:tall_grass":6,"minecraft:lapis_ore":2,"minecraft:cracked_deepslate_bricks":2,"minecraft:diorite":33,"supplementaries:urn":6,"minecraft:spruce_stairs":3,"minecraft:gray_wool":1,"minecraft:black_stained_glass":3,"quark:spruce_ladder":2,"minecraft:sweet_berry_bush":18,"minecraft:spruce_log":26,"minecraft:birch_leaves":3,"minecraft:mangrove_planks":1,"minecraft:coal_ore":49,"minecraft:cherry_leaves":3,"minecraft:cyan_carpet":1,"minecraft:gravel":4,"minecraft:gray_carpet":6,"minecraft:cobweb":12,"minecraft:cracked_stone_bricks":3,"minecraft:stone_bricks":1,"minecraft:mossy_stone_bricks":2,"minecraft:fern":3},"minecraft:dropped":{"minecraft:iron_sword":1,"minecraft:brown_mushroom":1,"luminousworld:white_petunias":1,"minecraft:dirt":1100,"minecraft:dark_oak_trapdoor":1,"minecraft:iron_pickaxe":2,"undead_revamp2:blacpetalblock":1,"minecraft:dark_oak_planks":2,"minecraft:white_wool":1,"minecraft:cyan_carpet":6,"quark:black_shard":6,"minecraft:rotten_flesh":13,"minecraft:green_banner":1,"minecraft:azure_bluet":1,"minecraft:poppy":2,"luminousworld:grassflowers":1,"minecraft:red_nether_bricks":2,"minecraft:iron_bars":1,"minecraft:arrow":10,"minecraft:wheat_seeds":11,"minecraft:smooth_quartz_stairs":1,"minecraft:spruce_stairs":1,"minecraft:stick":30,"minecraft:diorite":4,"minecraft:potion":1,"minecraft:tripwire_hook":1,"minecraft:gray_carpet":5,"minecraft:polished_deepslate":1,"minecraft:bowl":1,"born_in_chaos_v1:black_argillite_button":1,"minecraft:spruce_fence":3,"minecraft:polished_deepslate_stairs":1,"minecraft:deepslate_bricks":2,"minecraft:diamond_sword":1,"minecraft:spruce_trapdoor":1,"minecraft:iron_chestplate":1,"minecraft:stone_pickaxe":1,"minecraft:cracked_deepslate_bricks":2,"minecraft:calcite":19},"minecraft:killed":{"born_in_chaos_v1:zombie_lumberjack":1,"born_in_chaos_v1:restless_spirit":5,"born_in_chaos_v1:door_knight_not_despawn":1,"enemyexpansion:equestrian":1,"minecraft:spider":7,"undead_revamp2:axestrom":1,"luminousworld:frost_bitten_skeleton":1,"undead_revamp2:thesmoker":1,"undead_revamp2:theswarmer":1,"minecraft:skeleton":26,"luminousworld:bass_fish":1,"minecraft:pig":20,"luminousworld:trout_fish":1,"minecraft:sheep":22,"minecraft:pillager":53,"minecraft:zombie":9,"enemyexpansion:botfly":5,"born_in_chaos_v1:door_knight":1,"minecraft:cow":6,"mowziesmobs:naga":1,"undead_revamp2:thehunter":2,"born_in_chaos_v1:thornshell_crab":1,"enemyexpansion:direwolf":3,"born_in_chaos_v1:maggot":8,"iceandfire:fire_dragon":1,"naturalist:bass":1,"minecraft:drowned":1,"born_in_chaos_v1:corpse_fish":1,"born_in_chaos_v1:barrel_zombie":1,"luminousworld:firefly":1,"minecraft:husk":49,"minecraft:rabbit":2,"undead_revamp2:the_moonflower":7,"enemyexpansion:sprinter":1,"minecraft:frog":1,"earthmobsmod:wooly_cow":1,"born_in_chaos_v1:decrepit_skeleton":3,"alexsmobs:catfish":1,"born_in_chaos_v1:bloody_gadfly":1,"mutantmonsters:creeper_minion":4,"endermanoverhaul:cave_enderman":1,"iceandfire:ghost":3}},"DataVersion":3465}